{"cameraMode":{"drawMode":0,"name":"Shaded","section":"Shading Mode"},"sceneLighting":false,"audioPlay":false,"sceneViewState":{"showFog":true,"showMaterialUpdate":false,"showSkybox":false,"showFlares":true,"showImageEffects":true,"showParticleSystems":true},"in2DMode":false,"pivot":{"x":2.613384962081909,"y":3.537057876586914,"z":-0.8496496677398682},"rotation":{"x":0.44613417983055117,"y":0.3478949964046478,"z":-0.19363614916801454,"w":0.8015303015708923},"size":4.183503150939941,"orthographic":false}