{"cameraMode":{"drawMode":0,"name":"Shaded","section":"Shading Mode"},"sceneLighting":false,"audioPlay":false,"sceneViewState":{"showFog":true,"showMaterialUpdate":false,"showSkybox":false,"showFlares":true,"showImageEffects":true,"showParticleSystems":true},"in2DMode":false,"pivot":{"x":-0.14870291948318482,"y":4.132236003875732,"z":2.9278900623321535},"rotation":{"x":0.514624834060669,"y":0.06673897802829743,"z":-0.04021972790360451,"w":0.8538745641708374},"size":4.183503150939941,"orthographic":false}